set,nu,tsample,epoch,corr,steps,n,label,limit,repeat,pixel std,NN dist top10,feat NN top10,FID
data,,,,0.99,200,1000,0,1000,1,0.692600,18.142029,5.663785,0.159924
data,,,,0.99,200,1000,0,1000,2,0.702978,17.378916,5.877024,0.192111
data,,,,0.99,200,1000,0,1000,3,0.706233,17.079386,5.577287,0.204478
data,,,,0.99,200,1000,0,1000,4,0.703423,18.154581,5.595800,0.168941
data,,,,0.99,200,1000,0,1000,5,0.697263,16.465536,5.516574,0.211335
data,,,,0.99,200,1000,0,1000,6,0.700142,17.741995,5.795394,0.175015
data,,,,0.99,200,1000,0,1000,7,0.707666,17.310062,5.547489,0.166380
data,,,,0.99,200,1000,0,1000,8,0.698249,17.553171,5.462486,0.166969
data,,,,0.99,200,1000,0,1000,9,0.702893,19.038361,5.951549,0.189229
data,,,,0.99,200,1000,0,1000,10,0.697383,18.705481,5.876218,0.177125
v3_nu3,3.0,uniform,100,0.99,200,1000,0,1000,1,0.726533,15.412053,4.398402,3.304383
v3_nu3,3.0,uniform,100,0.99,200,1000,0,1000,2,0.725246,16.234217,4.649205,3.309114
v3_nu3,3.0,uniform,100,0.99,200,1000,0,1000,3,0.721903,16.437687,4.540605,3.285861
v3_nu3,3.0,uniform,100,0.99,200,1000,0,1000,4,0.727787,16.067516,4.437186,3.405568
v3_nu3,3.0,uniform,100,0.99,200,1000,0,1000,5,0.717895,15.482157,4.467510,3.299770
v3_nu3,3.0,uniform,100,0.99,200,1000,0,1000,6,0.726152,16.352200,4.673782,3.362138
v3_nu3,3.0,uniform,100,0.99,200,1000,0,1000,7,0.716618,15.346103,4.274855,3.264365
v3_nu3,3.0,uniform,100,0.99,200,1000,0,1000,8,0.729796,15.816083,4.549173,3.341207
v3_nu3,3.0,uniform,100,0.99,200,1000,0,1000,9,0.726691,16.926344,4.696523,3.327740
v3_nu3,3.0,uniform,100,0.99,200,1000,0,1000,10,0.723548,15.961535,4.529253,3.236701
v3_nu100,100.0,uniform,100,0.99,200,1000,0,1000,1,0.735440,15.437993,4.628912,3.795259
v3_nu100,100.0,uniform,100,0.99,200,1000,0,1000,2,0.739270,14.711955,4.332392,3.870874
v3_nu100,100.0,uniform,100,0.99,200,1000,0,1000,3,0.749866,15.776195,4.440141,4.003891
v3_nu100,100.0,uniform,100,0.99,200,1000,0,1000,4,0.747687,15.263952,4.502995,3.946786
v3_nu100,100.0,uniform,100,0.99,200,1000,0,1000,5,0.739729,15.212633,4.388883,3.926755
v3_nu100,100.0,uniform,100,0.99,200,1000,0,1000,6,0.736477,14.936722,4.486501,3.849502
v3_nu100,100.0,uniform,100,0.99,200,1000,0,1000,7,0.737117,14.927816,4.352209,4.045706
v3_nu100,100.0,uniform,100,0.99,200,1000,0,1000,8,0.747143,14.215795,4.308705,3.927499
v3_nu100,100.0,uniform,100,0.99,200,1000,0,1000,9,0.741129,14.225217,4.276663,4.137101
v3_nu100,100.0,uniform,100,0.99,200,1000,0,1000,10,0.750999,15.149846,4.431491,4.159677
