method,seed,class,precision,recall,f1,support,accuracy
exp_diffusion_step_100,0,0,0.8545454545454545,0.94,0.8952380952380953,100,0.8933333333333333
exp_diffusion_step_100,0,1,0.9397590361445783,0.78,0.8524590163934426,100,0.8933333333333333
exp_diffusion_step_100,0,2,0.897196261682243,0.96,0.927536231884058,100,0.8933333333333333
exp_diffusion_step_100,0,macro,0.8971669174574254,0.8933333333333332,0.891744447838532,300,0.8933333333333333
exp_diffusion_step_100,1,0,0.8350515463917526,0.81,0.8223350253807107,100,0.8633333333333333
exp_diffusion_step_100,1,1,0.8316831683168316,0.84,0.835820895522388,100,0.8633333333333333
exp_diffusion_step_100,1,2,0.9215686274509803,0.94,0.9306930693069307,100,0.8633333333333333
exp_diffusion_step_100,1,macro,0.8627677807198548,0.8633333333333333,0.8629496634033432,300,0.8633333333333333
exp_diffusion_step_100,2,0,0.8333333333333334,0.95,0.8878504672897196,100,0.8966666666666666
exp_diffusion_step_100,2,1,0.9010989010989011,0.82,0.8586387434554974,100,0.8966666666666666
exp_diffusion_step_100,2,2,0.968421052631579,0.92,0.9435897435897436,100,0.8966666666666666
exp_diffusion_step_100,2,macro,0.9009510956879377,0.8966666666666666,0.8966929847783202,300,0.8966666666666666
exp_diffusion_step_100,3,0,0.8947368421052632,0.85,0.8717948717948718,100,0.8933333333333333
exp_diffusion_step_100,3,1,0.8854166666666666,0.85,0.8673469387755102,100,0.8933333333333333
exp_diffusion_step_100,3,2,0.8990825688073395,0.98,0.937799043062201,100,0.8933333333333333
exp_diffusion_step_100,3,macro,0.893078692526423,0.8933333333333332,0.8923136178775276,300,0.8933333333333333
exp_diffusion_step_100,4,0,0.9540229885057471,0.83,0.8877005347593583,100,0.9033333333333333
exp_diffusion_step_100,4,1,0.8666666666666667,0.91,0.8878048780487805,100,0.9033333333333333
exp_diffusion_step_100,4,2,0.8981481481481481,0.97,0.9326923076923077,100,0.9033333333333333
exp_diffusion_step_100,4,macro,0.9062792677735206,0.9033333333333333,0.9027325735001487,300,0.9033333333333333
exp_diffusion_step_100,5,0,0.8434782608695652,0.97,0.9023255813953488,100,0.9033333333333333
exp_diffusion_step_100,5,1,0.8936170212765957,0.84,0.865979381443299,100,0.9033333333333333
exp_diffusion_step_100,5,2,0.989010989010989,0.9,0.9424083769633508,100,0.9033333333333333
exp_diffusion_step_100,5,macro,0.9087020903857166,0.9033333333333333,0.9035711132673329,300,0.9033333333333333
exp_diffusion_step_100,6,0,0.8977272727272727,0.79,0.8404255319148937,100,0.8633333333333333
exp_diffusion_step_100,6,1,0.8431372549019608,0.86,0.8514851485148515,100,0.8633333333333333
exp_diffusion_step_100,6,2,0.8545454545454545,0.94,0.8952380952380953,100,0.8633333333333333
exp_diffusion_step_100,6,macro,0.8651366607248959,0.8633333333333333,0.8623829252226134,300,0.8633333333333333
exp_diffusion_step_100,7,0,0.967032967032967,0.88,0.9214659685863874,100,0.8966666666666666
exp_diffusion_step_100,7,1,0.8627450980392157,0.88,0.8712871287128713,100,0.8966666666666666
exp_diffusion_step_100,7,2,0.8691588785046729,0.93,0.8985507246376812,100,0.8966666666666666
exp_diffusion_step_100,7,macro,0.8996456478589518,0.8966666666666666,0.89710127397898,300,0.8966666666666666
exp_diffusion_step_100,8,0,0.9117647058823529,0.93,0.9207920792079208,100,0.9266666666666666
exp_diffusion_step_100,8,1,0.900990099009901,0.91,0.9054726368159204,100,0.9266666666666666
exp_diffusion_step_100,8,2,0.9690721649484536,0.94,0.9543147208121827,100,0.9266666666666666
exp_diffusion_step_100,8,macro,0.9272756566135691,0.9266666666666667,0.9268598122786745,300,0.9266666666666666
exp_diffusion_step_100,9,0,0.8942307692307693,0.93,0.9117647058823529,100,0.9166666666666666
exp_diffusion_step_100,9,1,0.9230769230769231,0.84,0.8795811518324608,100,0.9166666666666666
exp_diffusion_step_100,9,2,0.9333333333333333,0.98,0.9560975609756097,100,0.9166666666666666
exp_diffusion_step_100,9,macro,0.9168803418803421,0.9166666666666666,0.9158144728968077,300,0.9166666666666666
